Team,Player Name,Full Name,Born,Current Age,Batting Style,Bowling Style,Batting_Test_matches,Batting_Test_Innings,Batting_Test_Runs,Batting_Test_Avg,Batting_ODI_Matches,Batting_ODI_Innings,Batting_ODI_Runs,Batting_ODI_Highest,Batting_ODI_Avg,Batting_TESTs_Highest,Batting_T20I_Matches,Batting_T20I_Innings,Batting_T20I_runs,Batting_T20I_Highest,Batting_T20I_Avg,Batting_T20_Matches,Batting_T20_Innings,Batting_T20_Runs,Batting_T20_Highest,Batting_T20_average,Test_Debut,ODI_Debut,T20 Debut,Image URL-src,T20I_Debut
England,CR Woakes,Christopher Roger Woakes,"March 2, 1989, Birmingham, Warwickshire",25 years 272 days,Bowler,Right-hand bat,4,5,75,37.5,19,16,217,36,18.08,NA,6,5,39,NA,19.5,77,46,519,NA,25.95,"England v Australia at The Oval, Aug 21-25, 2013 scorecard","Australia v England at Sydney, Jan 23, 2011 scorecard","Glamorgan v Warwickshire at Cardiff, Jun 11, 2008 scorecard",http://www.espncricinfo.com/inline/content/image/800859.html?alt=3,"Australia v England at Adelaide, Jan 12, 2011 scorecard"
England,MA Carberry,Michael Alexander Carberry,"September 29, 1980, Croydon, Surrey",34 years 61 days,Carbs,Left-hand bat,6,12,345,28.75,6,6,114,63,19,60,1,1,7,7,7,100,94,2533,NA,30.89,"Bangladesh v England at Chittagong, Mar 12-16, 2010 scorecard","Ireland v England at Dublin, Sep 3, 2013 scorecard","Kent v Hampshire at Beckenham, Jun 16, 2003 scorecard",http://www.espncricinfo.com/inline/content/image/687529.html?alt=1,NA
England,CJ Jordan,Christopher James Jordan,"October 4, 1988, Barbados",26 years 56 days,CJ,Right-hand bat,5,6,125,20.83,14,11,110,38*,18.33,35,7,6,80,NA,20,29,24,292,37,18.25,"England v Sri Lanka at Lord's, Jun 12-16, 2014 scorecard","England v Australia at Southampton, Sep 16, 2013 scorecard","Surrey v Essex at The Oval, Jun 11, 2008 scorecard",http://www.espncricinfo.com/inline/content/image/751927.html?alt=1,"Australia v England at Sydney, Feb 2, 2014 scorecard"
England,SD Parry,Stephen David Parry,"January 12, 1986, Manchester",28 years 321 days,Pazza,Right-hand bat,2,-,-,-,3,1,1,1,1,-,9,10,138,37,15.33,NA,NA,NA,NA,NA,NA,"West Indies v England at North Sound, Mar 2, 2014 scorecard","Lancashire v Yorkshire at Manchester, May 26, 2009 scorecard",http://www.espncricinfo.com/inline/content/image/728811.html?alt=1,"West Indies v England at Bridgetown, Mar 11, 2014 scorecard"
England,IR Bell,Ian Ronald Bell,"April 11, 1982, Walsgrave, Coventry, Warwickshire",32 years 232 days,Belly,Top-order batsman,105,181,7156,45,150,146,4907,126*,36.61,235,8,8,188,NA,26.85,47,46,981,85,24.52,"England v West Indies at The Oval, Aug 19-21, 2004 scorecard","Zimbabwe v England at Harare, Nov 28, 2004 scorecard","Somerset v Warwickshire at Taunton, Jun 13, 2003 scorecard",http://www.espncricinfo.com/inline/content/image/565721.html?alt=1,"England v Pakistan at Bristol, Aug 28, 2006 scorecard"
England,WB Rankin,William Boyd Rankin,"July 5, 1984, Londonderry",30 years 147 days,Boydo,Bowler,1,2,13,6.5,44,18,40,7*,6.66,13,17,3,13,NA,13,38,9,21,NA,5.25,NA,"Bermuda v Ireland at Nairobi (Jaff), Jan 31, 2007 scorecard","Bangladesh v Ireland at Nottingham, Jun 8, 2009 scorecard",http://www.espncricinfo.com/inline/content/image/800887.html?alt=3,"Bangladesh v Ireland at Nottingham, Jun 8, 2009 scorecard"
England,LJ Wright,Luke James Wright,"March 7, 1985, Grantham, Lincolnshire",29 years 267 days,Allrounder,Right-hand bat,50,39,707,20.2,51,45,759,99*,18.97,52,98,147,5069,189,39.6,NA,NA,NA,NA,NA,NA,"England v India at The Oval, Sep 5, 2007 scorecard","Sussex v Surrey at Hove, Jul 2, 2004 scorecard",http://www.espncricinfo.com/inline/content/image/800939.html?alt=3,"England v Zimbabwe at Cape Town, Sep 13, 2007 scorecard"
England,AD Hales,Alexander Daniel Hales,"January 3, 1989, Hillingdon, Middlesex",25 years 330 days,Right-hand bat,Right-arm medium,4,4,92,23,33,33,1062,116*,37.92,42,73,126,4399,184,36.65,NA,NA,NA,NA,NA,NA,"England v India at Cardiff, Aug 27, 2014 scorecard","Nottinghamshire v Durham at Nottingham, May 25, 2009 scorecard",http://www.espncricinfo.com/inline/content/image/800855.html?alt=3,"England v India at Manchester, Aug 31, 2011 scorecard"
England,GS Ballance,Gary Simon Ballance,"November 22, 1989, Zimbabwe",25 years 7 days,Gazza,Left-hand bat,8,13,729,60.75,12,11,261,79,26.1,156,82,126,6162,210,55.51,NA,NA,NA,NA,NA,"Australia v England at Sydney, Jan 3-5, 2014 scorecard","Ireland v England at Dublin, Sep 3, 2013 scorecard","Yorkshire v Warwickshire at Leeds, Jul 4, 2010 scorecard",http://www.espncricinfo.com/inline/content/image/800861.html?alt=3,NA
England,HF Gurney,Harry Frederick Gurney,"October 25, 1986, Nottingham",28 years 35 days,Gurns,Right-hand bat,9,5,9,4.5,2,-,-,-,-,NA,54,65,191,NA,5.45,NA,NA,NA,NA,NA,NA,"Scotland v England at Aberdeen, May 9, 2014 scorecard","Leicestershire v Derbyshire at Leicester, May 28, 2009 scorecard",http://www.espncricinfo.com/inline/content/image/559437.html?alt=1,"England v Sri Lanka at The Oval, May 20, 2014 scorecard"
England,SCJ Broad,Stuart Christopher John Broad,"June 24, 1986, Nottingham",28 years 158 days,Broady,Bowler,74,104,2193,24.09,108,58,470,45*,12.7,169,56,26,118,NA,7.37,74,28,127,NA,7.47,"Sri Lanka v England at Colombo (SSC), Dec 9-13, 2007 scorecard","England v Pakistan at Cardiff, Aug 30, 2006 scorecard","Leicestershire v Nottinghamshire at Leicester, Jun 27, 2006 scorecard",http://www.espncricinfo.com/inline/content/image/800877.html?alt=3,"England v Pakistan at Bristol, Aug 28, 2006 scorecard"
England,JC Buttler,Joseph Charles Buttler,"September 8, 1990, Taunton, Somerset",24 years 82 days,Right-hand bat,Wicketkeeper,3,3,200,66.66,39,33,885,121,30.51,85,37,31,516,67,21.5,122,104,2043,NA,25.53,"England v India at Southampton, Jul 27-31, 2014 scorecard","England v Pakistan at Dubai (DSC), Feb 21, 2012 scorecard","New South Wales v Somerset at Hyderabad (Deccan), Oct 18, 2009 scorecard",http://www.espncricinfo.com/inline/content/image/800839.html?alt=3,"England v India at Manchester, Aug 31, 2011 scorecard"
England,DR Briggs,Danny Richard Briggs,"April 30, 1991, Newport, Isle of Wight",23 years 213 days,Right-hand bat,Slow left-arm orthodox,1,-,-,-,7,1,0,0*,-,-,58,68,731,54,14.05,NA,NA,NA,NA,NA,NA,NA,"Hampshire v Kent at Southampton, Jun 3, 2010 scorecard",http://www.espncricinfo.com/inline/content/image/630281.html?alt=1,"England v South Africa at Birmingham, Sep 12, 2012 scorecard"
England,LE Plunkett,Liam Edward Plunkett,"April 6, 1985, Middlesbrough, Yorkshire",29 years 237 days,Pudsy,Right-hand bat,13,20,238,15.86,29,25,315,56,21,NA,1,-,-,-,-,75,45,482,41,17.21,"Pakistan v England at Lahore, Nov 29-Dec 3, 2005 scorecard","Pakistan v England at Lahore, Dec 10, 2005 scorecard","Derbyshire v Durham at Derby, Jun 23, 2003 scorecard",http://www.espncricinfo.com/inline/content/image/751935.html?alt=1,NA
England,ST Finn,Steven Thomas Finn,"April 4, 1989, Watford, Hertfordshire",25 years 239 days,Finny,Bowler,23,29,169,11.26,43,16,104,35,10.4,56,19,3,14,NA,-,50,11,45,NA,22.5,"Bangladesh v England at Chittagong, Mar 12-16, 2010 scorecard","Australia v England at Brisbane, Jan 30, 2011 scorecard","Kent v Middlesex at Beckenham, Jun 20, 2008 scorecard",http://www.espncricinfo.com/inline/content/image/800873.html?alt=3,"England v West Indies at The Oval, Sep 23, 2011 scorecard"
England,TT Bresnan,Timothy Thomas Bresnan,"February 28, 1985, Pontefract, Yorkshire",29 years 274 days,"Brezy Lad, Brez",Allrounder,23,26,575,26.13,84,64,871,80,19.79,91,34,22,216,NA,16.61,96,68,821,NA,20.02,"England v West Indies at Lord's, May 6-8, 2009 scorecard","England v Sri Lanka at Lord's, Jun 17, 2006 scorecard","Yorkshire v Derbyshire at Leeds, Jun 14, 2003 scorecard",http://www.espncricinfo.com/inline/content/image/800933.html?alt=3,"England v Sri Lanka at Southampton, Jun 15, 2006 scorecard"
India,UT Yadav,Umeshkumar Tilak Yadav,"October 25, 1987, Nagpur, Maharashtra",27 years 35 days,Bowler,Right-hand bat,9,11,36,6,38,13,44,17,14.66,21,1,-,-,-,-,76,22,79,23,7.9,"India v West Indies at Delhi, Nov 6-9, 2011 scorecard","Zimbabwe v India at Bulawayo, May 28, 2010 scorecard","Madhya Pradesh v Vidarbha at Indore, Oct 21, 2009 scorecard",http://www.espncricinfo.com/inline/content/image/800299.html?alt=3,NA
India,AT Rayudu,Ambati Thirupathi Rayudu,"September 23, 1985, Guntur, Andhra Pradesh",29 years 67 days,Wicketkeeper batsman,Right-hand bat,24,21,685,45.66,1,1,3,3*,-,NA,85,139,5501,210,46.22,NA,NA,NA,NA,NA,NA,"Zimbabwe v India at Harare, Jul 24, 2013 scorecard","Goa v Hyderabad (India) at Visakhapatnam, Apr 3, 2007 scorecard",http://www.espncricinfo.com/inline/content/image/434273.html,NA
India,M Vijay,Murali Vijay,"April 1, 1984, Chennai",30 years 242 days,Opening batsman,Right-hand bat,27,47,1706,36.29,14,13,253,33,19.46,167,7,7,122,48,17.42,123,121,2933,127,25.06,"India v Australia at Nagpur, Nov 6-10, 2008 scorecard","India v South Africa at Ahmedabad, Feb 27, 2010 scorecard","Goa v Tamil Nadu at Visakhapatnam, Apr 4, 2007 scorecard",http://www.espncricinfo.com/inline/content/image/800315.html?alt=3,"Afghanistan v India at Gros Islet, May 1, 2010 scorecard"
India,I Sharma,Ishant Sharma,"September 2, 1988, Delhi",26 years 88 days,Bowler,Right-hand bat,58,87,524,9.35,75,27,72,13,5.14,NA,14,3,8,NA,8,95,23,45,9,9,"Bangladesh v India at Dhaka, May 25-27, 2007 scorecard","India v South Africa at Belfast, Jun 29, 2007 scorecard","Delhi v Himachal Pradesh at Delhi, Apr 3, 2007 scorecard",http://www.espncricinfo.com/inline/content/image/800319.html?alt=3,"Australia v India at Melbourne, Feb 1, 2008 scorecard"
India,MK Tiwary,Manoj Kumar Tiwary,"November 14, 1985, Howrah, Bengal",29 years 15 days,Batsman,Right-hand bat,9,9,253,31.62,3,1,15,15,15,NA,69,102,5322,267,58.48,NA,NA,NA,NA,NA,NA,"Australia v India at Brisbane, Feb 3, 2008 scorecard","Assam v Bengal at Kolkata, Apr 3, 2007 scorecard",http://www.espncricinfo.com/inline/content/image/582283.html,"India v England at Kolkata, Oct 29, 2011 scorecard"
India,STR Binny,Stuart Terence Roger Binny,"June 3, 1984, Bangalore, Karnataka",30 years 179 days,Allrounder,Right-hand bat,3,6,118,23.6,6,4,40,25*,13.33,78,59,91,3047,189,35.43,NA,NA,NA,NA,NA,"England v India at Nottingham, Jul 9-13, 2014 scorecard","New Zealand v India at Hamilton, Jan 28, 2014 scorecard","Goa v Karnataka at Visakhapatnam, Sep 25, 2009 scorecard",http://www.espncricinfo.com/inline/content/image/728841.html?alt=1,NA
India,AR Patel,Akshar Rajeshbhai Patel,"January 20, 1994, Anand, Gujarat",20 years 313 days,Left-hand bat,Slow left-arm orthodox,9,4,40,20,8,12,401,69*,44.55,NA,36,26,534,93,28.1,NA,NA,NA,NA,NA,NA,"Bangladesh v India at Dhaka, Jun 15, 2014 scorecard","Gujarat v Maharashtra at Ahmedabad, Mar 17, 2013 scorecard",http://www.espncricinfo.com/inline/content/image/630981.html,NA
India,SK Raina,Suresh Kumar Raina,"November 27, 1986, Muradnagar, Ghaziabad, Uttar Pradesh",28 years 2 days,Sanu,Batsman,17,29,768,28.44,203,175,5051,116*,35.82,120,44,38,947,101,32.65,186,176,5139,NA,35.19,"Sri Lanka v India at Colombo (SSC), Jul 26-30, 2010 scorecard","Sri Lanka v India at Dambulla, Jul 30, 2005 scorecard","South Africa v India at Johannesburg, Dec 1, 2006 scorecard",http://www.espncricinfo.com/inline/content/image/800337.html?alt=3,"South Africa v India at Johannesburg, Dec 1, 2006 scorecard"
India,RV Uthappa,Robin Venu Uthappa,"November 11, 1985, Coorg, Karnataka",29 years 18 days,Batsman,Right-hand bat,43,39,890,26.96,11,10,168,50,18.66,86,100,166,6594,162,40.7,NA,NA,NA,NA,NA,NA,"India v England at Indore, Apr 15, 2006 scorecard","Karnataka v Kerala at Visakhapatnam, Apr 3, 2007 scorecard",http://www.espncricinfo.com/inline/content/image/800357.html?alt=3,"India v Scotland at Durban, Sep 13, 2007 scorecard"
India,AM Rahane,Ajinkya Madhukar Rahane,"June 5, 1988, Ashwi-KD, Maharashtra",26 years 177 days,Top-order batsman,Right-hand bat,10,19,678,39.88,42,42,1230,111,29.28,118,11,11,236,61,21.45,106,101,2523,NA,27.72,"India v Australia at Delhi, Mar 22-24, 2013 scorecard","England v India at Chester-le-Street, Sep 3, 2011 scorecard","Baroda v Mumbai at Mumbai, Apr 3, 2007 scorecard",http://www.espncricinfo.com/inline/content/image/728161.html,"England v India at Manchester, Aug 31, 2011 scorecard"
India,RG Sharma,Rohit Gurunath Sharma,"April 30, 1987, Bansod, Nagpur, Maharashtra",27 years 213 days,Batsman,Right-hand bat,7,12,489,48.9,126,120,3752,264,37.89,177,42,35,739,NA,30.79,186,175,4613,NA,32.48,"India v West Indies at Kolkata, Nov 6-8, 2013 scorecard","Ireland v India at Belfast, Jun 23, 2007 scorecard","Baroda v Mumbai at Mumbai, Apr 3, 2007 scorecard",http://www.espncricinfo.com/inline/content/image/800323.html?alt=3,"England v India at Durban, Sep 19, 2007 scorecard"
India,Mohammed Shami,Mohammed Shami Ahmed,"March 9, 1990, Jonagar, Bengal",24 years 265 days,Bowler,Right-hand bat,9,15,99,9.9,36,15,73,19,9.12,NA,4,-,-,-,-,40,10,16,5,3.2,"India v West Indies at Kolkata, Nov 6-8, 2013 scorecard","India v Pakistan at Delhi, Jan 6, 2013 scorecard","Assam v Bengal at Cuttack, Oct 20, 2010 scorecard",http://www.espncricinfo.com/inline/content/image/728155.html,"India v Pakistan at Dhaka, Mar 21, 2014 scorecard"
India,Parvez Rasool,Parvez Ghulam Rasool Zargar,"February 13, 1989, Bijbehara, Jammu and Kashmir",25 years 289 days,Right-hand bat,Right-arm offbreak,1,-,-,-,30,53,1786,171,40.59,-,48,40,1031,NA,30.32,NA,NA,NA,NA,NA,NA,NA,"Jammu & Kashmir v Services at Rohtak, Oct 20, 2011 scorecard",http://www.espncricinfo.com/inline/content/image/729411.html,NA
India,KV Sharma,Karn Vinod Sharma,"October 23, 1987, Meerut, Uttar Pradesh",27 years 37 days,Left-hand bat,Legbreak googly,2,-,-,-,1,-,-,-,-,-,34,46,1087,120,25.88,NA,NA,NA,NA,NA,NA,"India v Sri Lanka at Kolkata, Nov 13, 2014 scorecard","Railways v Uttar Pradesh at Jaipur, Apr 3, 2007 scorecard",http://www.espncricinfo.com/inline/content/image/437332.html?alt=1,NA
India,Pankaj Singh,Pankaj Singh,"May 6, 1985, Sultanpur, Uttar Pradesh",29 years 207 days,Bowler,Right-hand bat,2,4,10,3.33,1,1,3,3*,-,9,81,113,1208,74,13.57,NA,NA,NA,NA,NA,"England v India at Southampton, Jul 27-31, 2014 scorecard",NA,"Rajasthan v Uttar Pradesh at Jaipur, Apr 4, 2007 scorecard",http://www.espncricinfo.com/inline/content/image/437313.html?alt=1,NA
India,WP Saha,Wriddhiman Prasanta Saha,"October 24, 1984, Shaktigarh",30 years 36 days,Wicketkeeper,Right-hand bat,2,4,74,18.5,9,5,41,16,13.66,36,64,101,3770,NA,44.35,NA,NA,NA,NA,NA,"India v South Africa at Nagpur, Feb 6-9, 2010 scorecard","India v New Zealand at Guwahati, Nov 28, 2010 scorecard","Assam v Bengal at Kolkata, Apr 3, 2007 scorecard",http://www.espncricinfo.com/inline/content/image/550719.html?alt=3,NA
New Zealand,CJ Anderson,Corey James Anderson,"December 13, 1990, Christchurch, Canterbury",23 years 351 days,Left-hand bat,Left-arm medium-fast,9,15,407,29.07,15,13,425,131*,42.5,116,14,9,97,NA,12.12,51,38,612,NA,18.54,"Bangladesh v New Zealand at Chittagong, Oct 9-13, 2013 scorecard","England v New Zealand at Cardiff, Jun 16, 2013 scorecard","Otago v Canterbury at Dunedin, Feb 4, 2009 scorecard",http://www.espncricinfo.com/inline/content/image/640095.html?alt=1,"South Africa v New Zealand at Durban, Dec 21, 2012 scorecard"
New Zealand,NT Broom,Neil Trevor Broom,"November 20, 1983, Christchurch, Canterbury",31 years 9 days,Right-hand bat,Right-arm medium,22,22,333,17.52,10,6,67,36,13.4,71,100,166,5647,NA,38.41,NA,NA,NA,NA,NA,NA,"New Zealand v West Indies at Auckland, Jan 10, 2009 scorecard","Canterbury v Otago at Christchurch, Jan 13, 2006 scorecard",http://www.espncricinfo.com/inline/content/image/407368.html?alt=1,"Australia v New Zealand at Sydney, Feb 15, 2009 scorecard"
New Zealand,NL McCullum,Nathan Leslie McCullum,"September 1, 1980, Dunedin, Otago",34 years 89 days,Bowler,Right-hand bat,69,54,955,20.31,55,33,270,36*,12.27,65,64,101,2288,NA,25.14,NA,NA,NA,NA,NA,NA,"Sri Lanka v New Zealand at Colombo (RPS), Sep 8, 2009 scorecard","Canterbury v Otago at Christchurch, Jan 13, 2006 scorecard",http://www.espncricinfo.com/inline/content/image/799043.html?alt=3,"South Africa v New Zealand at Durban, Sep 19, 2007 scorecard"
New Zealand,IS Sodhi,Inderbir Singh Sodhi,"October 31, 1992, Ludhiana, India",22 years 29 days,Right-hand bat,Legbreak,10,15,315,26.25,2,1,0,0*,-,63,31,46,911,63,22.21,NA,NA,NA,NA,NA,"Bangladesh v New Zealand at Chittagong, Oct 9-13, 2013 scorecard",NA,"Northern Districts v Wellington at Mount Maunganui, Jan 1, 2013 scorecard",http://www.espncricinfo.com/inline/content/image/575886.html,"West Indies v New Zealand at Roseau, Jul 5, 2014 scorecard"
New Zealand,AF Milne,Adam Fraser Milne,"April 13, 1992, Palmerston North",22 years 230 days,Right-hand bat,Right-arm fast-medium,7,1,12,-,6,2,3,3*,-,NA,13,18,257,97,28.55,NA,NA,NA,NA,NA,NA,"Sri Lanka v New Zealand at Hambantota, Nov 10, 2012 scorecard","Central Districts v Chennai Super Kings at Durban, Sep 11, 2010 scorecard",http://www.espncricinfo.com/inline/content/image/582448.html?alt=1,"New Zealand v Pakistan at Auckland, Dec 26, 2010 scorecard"
New Zealand,BB McCullum,Brendon Barrie McCullum,"September 27, 1981, Dunedin, Otago",33 years 63 days,Wicketkeeper batsman,Right-hand bat,89,155,5451,37.08,232,201,5200,166,30.05,302,70,69,2105,123,35.67,197,194,5570,NA,32.01,"New Zealand v South Africa at Hamilton, Mar 10-14, 2004 scorecard","Australia v New Zealand at Sydney, Jan 17, 2002 scorecard","New Zealand v Australia at Auckland, Feb 17, 2005 scorecard",http://www.espncricinfo.com/inline/content/image/799053.html?alt=3,"New Zealand v Australia at Auckland, Feb 17, 2005 scorecard"
New Zealand,RJ Nicol,Robert James Nicol,"May 28, 1983, Auckland",31 years 185 days,Right-hand bat,"Right-arm medium, Right-arm offbreak",2,4,28,7,22,21,586,146,30.84,19,21,19,327,58,17.21,89,78,1925,NA,27.5,"New Zealand v South Africa at Dunedin, Mar 7-11, 2012 scorecard","Zimbabwe v New Zealand at Harare, Oct 20, 2011 scorecard","Northern Districts v Auckland at Hamilton, Jan 20, 2006 scorecard",http://www.espncricinfo.com/inline/content/image/799005.html?alt=3,"New Zealand v Sri Lanka at Lauderhill, May 22, 2010 scorecard"
New Zealand,DL Vettori,Daniel Luca Vettori,"January 27, 1979, Auckland",35 years 306 days,Allrounder,Left-hand bat,112,173,4516,30.1,277,175,2111,83,17.02,140,33,21,205,38,13.66,128,81,1037,57,17.57,"New Zealand v England at Wellington, Feb 6-10, 1997 scorecard","New Zealand v Sri Lanka at Christchurch, Mar 25, 1997 scorecard","Northern Districts v Auckland at Hamilton, Jan 20, 2006 scorecard",http://www.espncricinfo.com/inline/content/image/799079.html?alt=3,"Kenya v New Zealand at Durban, Sep 12, 2007 scorecard"
New Zealand,KS Williamson,Kane Stuart Williamson,"August 8, 1990, Tauranga",24 years 113 days,Middle-order batsman,Right-hand bat,36,66,2446,38.82,54,49,1699,145*,39.51,NA,19,17,408,51,29.14,72,65,1373,NA,23.67,"India v New Zealand at Ahmedabad, Nov 4-8, 2010 scorecard","India v New Zealand at Dambulla, Aug 10, 2010 scorecard","Canterbury v Northern Districts at Christchurch, Feb 6, 2009 scorecard",http://www.espncricinfo.com/inline/content/image/798953.html?alt=3,"Zimbabwe v New Zealand at Harare, Oct 15, 2011 scorecard"
New Zealand,LRPL Taylor,Luteru Ross Poutoa Lote Taylor,"March 8, 1984, Lower Hutt, Wellington",30 years 266 days,Middle-order batsman,Right-hand bat,59,108,4500,45.91,137,125,4328,131*,40.07,NA,61,55,1109,63,24.64,190,177,4243,NA,29.88,"South Africa v New Zealand at Johannesburg, Nov 8-11, 2007 scorecard","New Zealand v West Indies at Napier, Mar 1, 2006 scorecard","Central Districts v Canterbury at Napier, Jan 22, 2006 scorecard",http://www.espncricinfo.com/inline/content/image/798999.html?alt=3,"New Zealand v Sri Lanka at Wellington, Dec 22, 2006 scorecard"
New Zealand,DG Brownlie,Dean Graham Brownlie,"July 30, 1984, Perth, Western Australia",30 years 122 days,Right-hand bat,Right-arm medium,14,25,711,29.62,6,5,66,24,16.5,109,4,4,6,5,1.5,47,44,882,86,21,"Zimbabwe v New Zealand at Bulawayo, Nov 1-5, 2011 scorecard","New Zealand v Zimbabwe at Dunedin, Feb 3, 2012 scorecard","Canterbury v Otago at Christchurch, Jan 8, 2010 scorecard",http://www.espncricinfo.com/inline/content/image/635786.html?alt=1,"New Zealand v Pakistan at Auckland, Dec 26, 2010 scorecard"
New Zealand,MD Craig,Mark Donald Craig,"March 23, 1987, Auckland",27 years 251 days,Left-hand bat,Right-arm offbreak,5,9,234,39,30,44,958,93,24.56,67,4,4,55,22,13.75,NA,NA,NA,NA,NA,"West Indies v New Zealand at Kingston, Jun 8-11, 2014 scorecard",NA,"Otago v Canterbury at Dunedin, Feb 4, 2009 scorecard",http://www.espncricinfo.com/inline/content/image/667403.html?alt=1,NA
New Zealand,C Munro,Colin Munro,"March 11, 1987, Durban",27 years 263 days,Batsman,Left-hand bat,1,2,15,7.5,7,6,167,85,27.83,15,14,12,194,NA,21.55,68,58,1154,NA,26.83,NA,"South Africa v New Zealand at Kimberley, Jan 22, 2013 scorecard","Auckland v Central Districts at Auckland, Dec 3, 2010 scorecard",http://www.espncricinfo.com/inline/content/image/798967.html?alt=3,"South Africa v New Zealand at Durban, Dec 21, 2012 scorecard"
New Zealand,TWM Latham,Thomas William Maxwell Latham,"April 2, 1992, Christchurch, Canterbury",22 years 241 days,Left-hand bat,Right-arm medium,6,12,586,48.83,16,15,325,86,25,137,9,6,83,22,13.83,34,26,573,64,23.87,"New Zealand v India at Wellington, Feb 14-18, 2014 scorecard","New Zealand v Zimbabwe at Dunedin, Feb 3, 2012 scorecard","Canterbury v Central Districts at Rangiora, Jan 8, 2012 scorecard",http://www.espncricinfo.com/inline/content/image/635789.html?alt=1,"New Zealand v West Indies at Lauderhill, Jun 30, 2012 scorecard"
New Zealand,BJ Watling,Bradley-John Watling,"July 9, 1985, Durban, South Africa",29 years 143 days,Right-hand bat,Wicketkeeper,26,45,1391,35.66,22,20,528,96*,29.33,124,5,4,38,22,9.5,60,53,990,75,21.52,"New Zealand v Pakistan at Napier, Dec 11-15, 2009 scorecard","Sri Lanka v New Zealand at Dambulla, Aug 13, 2010 scorecard","Northern Districts v Wellington at Hamilton, Jan 17, 2008 scorecard",http://www.espncricinfo.com/inline/content/image/798981.html?alt=3,"New Zealand v Pakistan at Dubai (DSC), Nov 12, 2009 scorecard"
New Zealand,HK Bennett,Hamish Kyle Bennett,"February 22, 1987, Timaru",27 years 280 days,Bowler,Left-hand bat,1,1,4,4,14,7,10,4*,5,4,42,43,177,NA,8.42,NA,NA,NA,NA,NA,NA,"Bangladesh v New Zealand at Dhaka, Oct 14, 2010 scorecard","Australia A v New Zealand A at Darwin, Jul 9, 2006 scorecard",http://www.espncricinfo.com/inline/content/image/501371.html?alt=1,NA
New Zealand,AJ Redmond,Aaron James Redmond,"September 23, 1979, Auckland",35 years 67 days,Right-hand bat,Legbreak,8,16,325,21.66,6,6,152,52,25.33,83,7,6,126,63,21,77,70,1573,NA,23.47,"England v New Zealand at Lord's, May 15-19, 2008 scorecard","New Zealand v Pakistan at Johannesburg, Oct 3, 2009 scorecard","Canterbury v Otago at Christchurch, Jan 13, 2006 scorecard",http://www.espncricinfo.com/inline/content/image/457482.html?alt=1,"Ireland v New Zealand at Nottingham, Jun 11, 2009 scorecard"
New Zealand,JDS Neesham,James Douglas Sheahan Neesham,"September 17, 1990, Auckland",24 years 73 days,Jimmy Neesham,Left-hand bat,6,12,487,44.27,14,11,143,42*,17.87,NA,9,7,61,NA,12.2,48,36,642,NA,26.75,"New Zealand v India at Wellington, Feb 14-18, 2014 scorecard","South Africa v New Zealand at Paarl, Jan 19, 2013 scorecard","Central Districts v Auckland at New Plymouth, Jan 31, 2010 scorecard",http://www.espncricinfo.com/inline/content/image/728253.html,"South Africa v New Zealand at Durban, Dec 21, 2012 scorecard"
New Zealand,TG Southee,Timothy Grant Southee,"December 11, 1988, Whangarei, Northland",25 years 353 days,Bowler,Right-hand bat,36,60,959,17.75,80,46,318,32,10.6,NA,37,14,75,23,8.33,101,49,398,74,10.47,"New Zealand v England at Napier, Mar 22-26, 2008 scorecard","England v New Zealand at Chester-le-Street, Jun 15, 2008 scorecard","Northern Districts v Central Districts at Hamilton, Jan 13, 2007 scorecard",http://www.espncricinfo.com/inline/content/image/798955.html?alt=3,"New Zealand v England at Auckland, Feb 5, 2008 scorecard"
Pakistan,Sohail Tanvir,Sohail Tanvir,"December 12, 1984, Rawalpindi, Punjab",29 years 352 days,Bowler,Left-hand bat,2,3,17,5.66,59,37,357,59,12.75,13,40,17,129,41,9.92,168,104,1223,NA,16.3,"India v Pakistan at Delhi, Nov 22-26, 2007 scorecard","Pakistan v South Africa at Lahore, Oct 18, 2007 scorecard","Quetta Bears v Rawalpindi Rams at Lahore, Apr 25, 2005 scorecard",http://www.espncricinfo.com/inline/content/image/800225.html?alt=3,"India v Pakistan at Durban, Sep 14, 2007 scorecard"
Pakistan,Raza Hasan,Raza Hasan,"July 8, 1992, Sialkot, Punjab",22 years 144 days,Raza Hassan,Right-hand bat,1,1,0,0,8,3,18,13*,-,0,29,36,413,57,17.2,NA,NA,NA,NA,NA,NA,NA,"Karachi Zebras v Rawalpindi Rams at Karachi, Mar 2, 2010 scorecard",http://www.espncricinfo.com/inline/content/image/800271.html?alt=3,"Australia v Pakistan at Dubai (DSC), Sep 5, 2012 scorecard"
Pakistan,Saad Nasim,Hafiz Saad Nasim,"April 29, 1990, Lahore, Punjab",24 years 214 days,Right-hand bat,Legbreak,1,1,25,25,52,89,2312,114*,29.26,25,33,30,777,113,27.75,NA,NA,NA,NA,NA,NA,NA,"Hyderabad Hawks v Lahore Eagles at Karachi, Mar 2, 2010 scorecard",http://www.espncricinfo.com/inline/content/image/775233.html?alt=1,NA
Pakistan,Sharjeel Khan,Sharjeel Khan,"August 14, 1989, Hyderabad, Sind",25 years 107 days,Left-hand bat,Legbreak,11,11,194,17.63,3,3,102,50,34,61,61,110,4034,279,37.7,NA,NA,NA,NA,NA,NA,"Pakistan v Sri Lanka at Sharjah, Dec 18, 2013 scorecard","Hyderabad Hawks v Karachi Dolphins at Karachi, Feb 28, 2006 scorecard",http://www.espncricinfo.com/inline/content/image/701501.html?alt=1,"Afghanistan v Pakistan at Sharjah, Dec 8, 2013 scorecard"
Pakistan,Shan Masood,Shan Masood Khan,"October 14, 1989, Kuwait",25 years 46 days,Shaan Masood,Shaani,3,6,149,24.83,64,108,3525,199,34.55,75,30,28,738,76,32.08,NA,NA,NA,NA,NA,"Pakistan v South Africa at Abu Dhabi, Oct 14-17, 2013 scorecard",NA,"Hyderabad Hawks v Islamabad Leopards at Faisalabad, Jun 25, 2011 scorecard",http://www.espncricinfo.com/inline/content/image/759267.html?alt=1,NA
Pakistan,Taufeeq Umar,Taufeeq Umar,"June 20, 1981, Lahore, Punjab",33 years 162 days,Left-hand bat,Right-arm offbreak,44,83,2963,37.98,22,22,504,81*,24,236,156,273,9544,236,36.99,NA,NA,NA,NA,NA,"Pakistan v Bangladesh at Multan, Aug 29-31, 2001 scorecard","Pakistan v Sri Lanka at Sharjah, Oct 27, 2001 scorecard","Australia A v Pakistanis at Adelaide, Jan 13, 2005 scorecard",http://www.espncricinfo.com/inline/content/image/512515.html?alt=1,NA
Pakistan,Saeed Ajmal,Saeed Ajmal,"October 14, 1977, Faisalabad, Punjab",37 years 46 days,Bowler,Right-hand bat,35,53,451,11,111,69,324,33,7.2,50,63,23,91,NA,8.27,145,44,181,NA,7.86,"Sri Lanka v Pakistan at Galle, Jul 4-7, 2009 scorecard","Pakistan v India at Karachi, Jul 2, 2008 scorecard","Faisalabad Wolves v Quetta Bears at Lahore, Apr 26, 2005 scorecard",http://www.espncricinfo.com/inline/content/image/800213.html?alt=3,"Australia v Pakistan at Dubai (DSC), May 7, 2009 scorecard"
Pakistan,Rahat Ali,Rahat Ali,"September 12, 1988, Multan, Punjab",26 years 78 days,Right-hand bat,Left-arm fast-medium,10,13,86,12.28,1,1,0,0*,-,NA,54,64,233,NA,6.29,NA,NA,NA,NA,NA,"South Africa v Pakistan at Johannesburg, Feb 1-4, 2013 scorecard",NA,"Multan Tigers v Quetta Bears at Lahore, Dec 1, 2012 scorecard",http://www.espncricinfo.com/inline/content/image/566983.html?alt=1,NA
Pakistan,Azhar Ali,Azhar Ali,"February 19, 1985, Lahore, Punjab",29 years 283 days,Right-hand bat,Legbreak,38,72,2806,41.88,14,14,452,96,41.09,157,115,198,6620,157,36.77,NA,NA,NA,NA,NA,"Australia v Pakistan at Lord's, Jul 13-16, 2010 scorecard","Ireland v Pakistan at Belfast, May 30, 2011 scorecard","Abbottabad Rhinos v Islamabad Leopards at Karachi, Feb 24, 2006 scorecard",http://www.espncricinfo.com/inline/content/image/470576.html?alt=1,NA
Pakistan,Mohammad Irfan,Mohammad Irfan,"June 6, 1982, Gaggu Mandi, Punjab",32 years 176 days,Right-hand bat,Left-arm fast,4,7,28,5.6,33,20,39,12,4.33,14,8,2,3,NA,-,32,7,24,8,8,"South Africa v Pakistan at Cape Town, Feb 14-17, 2013 scorecard","England v Pakistan at Chester-le-Street, Sep 10, 2010 scorecard","Multan Tigers v Peshawar Panthers at Karachi, Feb 28, 2010 scorecard",http://www.espncricinfo.com/inline/content/image/800279.html?alt=3,"India v Pakistan at Bangalore, Dec 25, 2012 scorecard"
Pakistan,Yasir Shah,Yasir Shah,"May 2, 1986, Swabi, North-West Frontier Province (now Khyber Pakhtunkhwa)",28 years 211 days,Right-hand bat,Legbreak,4,3,5,2.5,1,-,-,-,-,2,2,1,11,NA,-,46,27,257,28,12.85,"Australia v Pakistan at Dubai (DSC), Oct 22-26, 2014 scorecard",NA,"Abbottabad Rhinos v Faisalabad Wolves at Lahore, Oct 4, 2008 scorecard",http://www.espncricinfo.com/inline/content/image/548936.html?alt=5,"Zimbabwe v Pakistan at Harare, Sep 16, 2011 scorecard"
Pakistan,Ahmed Shehzad,Ahmed Shehzad,"November 23, 1991, Lahore, Punjab",23 years 6 days,Opening batsman,Right-hand bat,8,15,718,47.86,51,51,1720,124,34.4,176,27,27,676,NA,27.04,97,97,2770,NA,30.1,"Pakistan v Sri Lanka at Abu Dhabi, Dec 31, 2013 - Jan 4, 2014 scorecard","Australia v Pakistan at Dubai (DSC), Apr 24, 2009 scorecard","Lahore Lions v Quetta Bears at Lahore, Oct 4, 2008 scorecard",http://www.espncricinfo.com/inline/content/image/501308.html?alt=1,"Australia v Pakistan at Dubai (DSC), May 7, 2009 scorecard"
Pakistan,Junaid Khan,Mohammad Junaid Khan,"December 24, 1989, Matra, North-West Frontier Province",24 years 340 days,Bowler,Right-hand bat,18,24,111,6.93,48,20,51,25,5.1,17,9,2,3,NA,-,55,18,79,NA,9.87,"Zimbabwe v Pakistan at Bulawayo, Sep 1-5, 2011 scorecard","West Indies v Pakistan at Gros Islet, Apr 23, 2011 scorecard","Abbottabad Rhinos v Lahore Eagles at Karachi, Dec 21, 2006 scorecard",http://www.espncricinfo.com/inline/content/image/800249.html?alt=3,"West Indies v Pakistan at Gros Islet, Apr 21, 2011 scorecard"
Pakistan,Imran Khan,Mohammad Imran Khan,"July 15, 1987, Lower Dir, North-West Frontier Province (now Khyber Pakhtunkhwa)",27 years 137 days,Right-hand bat,Right-arm medium-fast,3,1,0,-,68,99,494,27*,7.84,NA,32,21,112,NA,9.33,NA,NA,NA,NA,NA,"Australia v Pakistan at Dubai (DSC), Oct 22-26, 2014 scorecard",NA,"Hyderabad Hawks v Peshawar Panthers at Lahore, May 26, 2009 scorecard",,NA
Pakistan,Mohammad Talha,Mohammad Talha,"October 15, 1988, Faisalabad, Punjab",26 years 45 days,Right-hand bat,Right-arm medium-fast,3,3,15,7.5,3,1,0,0,0,NA,71,86,805,56,11.18,NA,NA,NA,NA,NA,"Pakistan v Sri Lanka at Lahore, Mar 1-5, 2009 scorecard","India v Pakistan at Dhaka, Mar 2, 2014 scorecard","Abbottabad Rhinos v Faisalabad Wolves at Lahore, Oct 4, 2008 scorecard",http://www.espncricinfo.com/inline/content/image/728235.html,NA
Pakistan,Awais Zia,Awais Zia,"September 1, 1986, Bhown, Chakwal, Punjab",28 years 89 days,Left-hand bat,Right-arm offbreak,4,4,50,12.5,59,101,3766,232,40.06,23,36,32,844,119,26.37,NA,NA,NA,NA,NA,NA,NA,"Rawalpindi Rams v Quetta Bears at Lahore, Oct 5, 2008 scorecard",http://www.espncricinfo.com/inline/content/image/787493.html?alt=1,"England v Pakistan at Dubai (DSC), Feb 23, 2012 scorecard"
Pakistan,Wahab Riaz,Wahab Riaz,"June 28, 1985, Lahore, Punjab",29 years 154 days,Vicky,Bowler,8,11,91,11.37,44,33,303,47*,11.65,27,7,5,70,NA,23.33,84,48,414,NA,13.35,"England v Pakistan at The Oval, Aug 18-21, 2010 scorecard","Pakistan v Zimbabwe at Sheikhupura, Feb 2, 2008 scorecard","Hyderabad Hawks v Peshawar Panthers at Lahore, Apr 25, 2005 scorecard",http://www.espncricinfo.com/inline/content/image/800217.html?alt=3,"Pakistan v Bangladesh at Karachi, Apr 20, 2008 scorecard"
Pakistan,Zulfiqar Babar,Zulfiqar Babar,"December 10, 1978, Okara, Punjab",35 years 354 days,Right-hand bat,Slow left-arm orthodox,6,4,39,19.5,3,3,32,14*,32,NA,7,3,27,NA,-,48,22,110,20,12.22,"Pakistan v South Africa at Abu Dhabi, Oct 14-17, 2013 scorecard","Australia v Pakistan at Sharjah, Oct 7, 2014 scorecard","Multan Tigers v Peshawar Panthers at Karachi, Feb 28, 2010 scorecard",http://www.espncricinfo.com/inline/content/image/656549.html?alt=1,"West Indies v Pakistan at Kingstown, Jul 27, 2013 scorecard"
Pakistan,Sohaib Maqsood,Sohaib Maqsood,"April 15, 1987, Multan, Punjab",27 years 228 days,Right-hand bat,Right-arm offbreak,18,18,572,35.75,14,12,145,37,14.5,NA,44,71,2769,182,42.6,NA,NA,NA,NA,NA,NA,"Pakistan v South Africa at Abu Dhabi, Nov 8, 2013 scorecard","Multan Tigers v Sialkot Stallions at Lahore, Apr 27, 2005 scorecard",http://www.espncricinfo.com/inline/content/image/690839.html?alt=1,"Zimbabwe v Pakistan at Harare, Aug 23, 2013 scorecard"
Pakistan,Misbah-ul-Haq,Misbah-ul-Haq Khan Niazi,"May 28, 1974, Mianwali, Punjab",40 years 185 days,Middle-order batsman,Right-hand bat,52,90,3686,49.81,151,138,4609,96*,43.07,NA,39,34,788,NA,37.52,113,100,2536,NA,35.71,"New Zealand v Pakistan at Auckland, Mar 8-12, 2001 scorecard","Pakistan v New Zealand at Lahore, Apr 27, 2002 scorecard","Faisalabad Wolves v Peshawar Panthers at Karachi, Feb 24, 2006 scorecard",http://www.espncricinfo.com/inline/content/image/800207.html?alt=3,"Bangladesh v Pakistan at Nairobi (Gym), Sep 2, 2007 scorecard"
Pakistan,Anwar Ali,Anwar Ali,"November 25, 1987, Karachi, Sind",27 years 4 days,Right-hand bat,Right-arm medium-fast,7,7,135,27,5,2,15,10*,15,NA,80,109,1817,NA,20.88,NA,NA,NA,NA,NA,NA,"South Africa v Pakistan at Cape Town, Nov 24, 2013 scorecard","Karachi Zebras v Faisalabad Wolves at Karachi, Feb 26, 2006 scorecard",http://www.espncricinfo.com/inline/content/image/419044.html,"Pakistan v Zimbabwe at King City (NW), Oct 12, 2008 scorecard"
Sri Lanka,N Pradeep,Aththachchi Nuwan Pradeep Roshan Fernando,"October 19, 1986, Negombo",28 years 41 days,Sirasa,Bowler,8,12,52,5.77,2,1,0,0*,-,NA,58,70,228,NA,5.7,NA,NA,NA,NA,NA,"Pakistan v Sri Lanka at Abu Dhabi, Oct 18-22, 2011 scorecard","Sri Lanka v India at Colombo (RPS), Jul 31, 2012 scorecard","Ruhuna v Basnahira North at Colombo (Moors), Mar 26, 2009 scorecard",http://www.espncricinfo.com/inline/content/image/751941.html?alt=1,NA
Sri Lanka,RAS Lakmal,Ranasinghe Arachchige Suranga Lakmal,"March 10, 1987, Matara",27 years 264 days,Bowler,Right-hand bat,21,28,115,6.76,27,12,9,4*,2.25,18,4,-,-,-,-,28,9,31,NA,7.75,"Sri Lanka v West Indies at Colombo (RPS), Nov 23-27, 2010 scorecard","India v Sri Lanka at Nagpur, Dec 18, 2009 scorecard","Basnahira South v Wayamba at Colombo (Colts), Apr 23, 2008 scorecard",http://www.espncricinfo.com/inline/content/image/728829.html,"England v Sri Lanka at Bristol, Jun 25, 2011 scorecard"
Sri Lanka,LD Chandimal,Lokuge Dinesh Chandimal,"November 18, 1989, Balapitiya",25 years 11 days,Wicketkeeper batsman,Right-hand bat,14,24,934,44.47,87,79,1962,111,29.28,NA,27,21,273,56,13,68,59,1493,NA,28.16,"South Africa v Sri Lanka at Durban, Dec 26-29, 2011 scorecard","Zimbabwe v Sri Lanka at Bulawayo, Jun 1, 2010 scorecard","Basnahira South v Schools Invitation XI at Colombo (Burgher), Apr 17, 2008 scorecard",http://www.espncricinfo.com/inline/content/image/800385.html?alt=3,"New Zealand v Sri Lanka at Providence, Apr 30, 2010 scorecard"
Sri Lanka,HDRL Thirimanne,Hettige Don Rumesh Lahiru Thirimanne,"September 8, 1989, Moratuwa",25 years 82 days,Batsman,Left-hand bat,14,28,610,25.41,75,59,1634,102*,30.83,NA,22,16,277,44,19.78,54,44,850,70,22.97,"England v Sri Lanka at Southampton, Jun 16-20, 2011 scorecard","India v Sri Lanka at Dhaka, Jan 5, 2010 scorecard","Wayamba v Basnahira South at Colombo (SSC), Mar 25, 2009 scorecard",http://www.espncricinfo.com/inline/content/image/800383.html?alt=3,"Sri Lanka v Pakistan at Hambantota, Jun 1, 2012 scorecard"
Sri Lanka,FDM Karunaratne,Frank Dimuth Madushanka Karunaratne,"April 21, 1988, Colombo",26 years 222 days,Opening batsman,Left-hand bat,13,25,701,30.47,6,6,84,60,16.8,85,84,136,5803,NA,46.79,NA,NA,NA,NA,NA,"Sri Lanka v New Zealand at Galle, Nov 17-19, 2012 scorecard","England v Sri Lanka at Manchester, Jul 9, 2011 scorecard","Sri Lanka A v Ireland at Colombo (SSC), Feb 4, 2010 scorecard",https://t.mookie1.com/t/v1/imp?migAgencyId=111&migSource=adsrv2&migRandom=199474807&migTrackDataExt=2356384;112433922;285556685;0&migTrackFmtExt=client;io;ad;crtv&migUnencodedDest=https://ad.doubleclick.net/ad/N5875.456584.XAXIS.COM/B8310655.112433922;sz=1x1;ord=199474807?,NA
Sri Lanka,BMAJ Mendis,Balapuwaduge Manukulasuriya Amith Jeevan Mendis,"January 15, 1983, Colombo",31 years 318 days,Allrounder,Left-hand bat,41,30,498,21.65,16,12,197,43*,21.88,72,121,189,5823,NA,35.72,NA,NA,NA,NA,NA,NA,"Zimbabwe v Sri Lanka at Bulawayo, Jun 1, 2010 scorecard","Burgher Recreation Club v Sinhalese Sports Club at Colombo (NCC), Aug 17, 2004 scorecard",http://www.espncricinfo.com/inline/content/image/800413.html?alt=3,"England v Sri Lanka at Bristol, Jun 25, 2011 scorecard"
Sri Lanka,UWMBCA Welegedara,Uda Walawwe Mahim Bandaralage Chanaka Asanga Welegedara,"March 20, 1981, Matale",33 years 254 days,Bowler,Right-hand bat,21,30,218,9.08,10,3,4,2*,4,48,2,1,2,NA,-,32,13,54,NA,13.5,"Sri Lanka v England at Galle, Dec 18-22, 2007 scorecard","India v Sri Lanka at Rajkot, Dec 15, 2009 scorecard","Moors Sports Club v Ragama Cricket Club at Colombo (NCC), Aug 17, 2004 scorecard",http://www.espncricinfo.com/inline/content/image/751963.html?alt=1,"New Zealand v Sri Lanka at Providence, Apr 30, 2010 scorecard"
Sri Lanka,PLS Gamage,Panagamuwa Lahiru Sampath Gamage,"April 5, 1988, Maradana",26 years 238 days,Lahiru Sampath,Naya,4,2,0,-,44,60,328,26,9.11,NA,38,21,63,18,5.72,NA,NA,NA,NA,NA,NA,"India v Sri Lanka at Cuttack, Nov 2, 2014 scorecard",NA,http://www.espncricinfo.com/inline/content/image/342886.html,NA
Sri Lanka,AD Mathews,Angelo Davis Mathews,"June 2, 1987, Colombo",27 years 180 days,Allrounder,Right-hand bat,44,74,3054,52.65,140,117,3385,139*,40.78,160,54,40,674,58,24.96,119,99,1820,NA,25.27,"Sri Lanka v Pakistan at Galle, Jul 4-7, 2009 scorecard","Zimbabwe v Sri Lanka at Harare, Nov 28, 2008 scorecard","Chilaw Marians Cricket Club v Colts Cricket Club at Colombo (Bloomfield), Feb 28, 2007 scorecard",http://www.espncricinfo.com/inline/content/image/800393.html?alt=3,"Australia v Sri Lanka at Nottingham, Jun 8, 2009 scorecard"
Sri Lanka,SMA Priyanjan,Subasinghe Mudiyanselage Ashan Priyanjan,"August 14, 1989, Colombo",25 years 107 days,Allrounder,Right-hand bat,21,19,402,23.64,63,101,3404,235,37.82,74,100,94,2588,NA,30.8,NA,NA,NA,NA,NA,NA,"Pakistan v Sri Lanka at Abu Dhabi, Dec 25, 2013 scorecard","Kandurata v Ruhuna at Colombo (Colts), Apr 17, 2008 scorecard",http://www.espncricinfo.com/inline/content/image/393599.html,NA
Sri Lanka,HMRKB Herath,Herath Mudiyanselage Rangana Keerthi Bandara Herath,"March 19, 1978, Kurunegala",36 years 255 days,Bowler,Left-hand bat,57,81,851,13.5,62,26,124,17*,9.53,NA,9,3,2,NA,-,42,22,69,9,4.6,"Sri Lanka v Australia at Galle, Sep 22-26, 1999 scorecard","Zimbabwe v Sri Lanka at Harare, Apr 25, 2004 scorecard","Moors Sports Club v Ragama Cricket Club at Colombo (NCC), Aug 17, 2004 scorecard",http://www.espncricinfo.com/inline/content/image/800433.html?alt=3,"Sri Lanka v Australia at Pallekele, Aug 6, 2011 scorecard"
Sri Lanka,SMSM Senanayake,Senanayake Mudiyanselage Sachithra Madhushanka Senanayake,"February 9, 1985, Colombo",29 years 293 days,Allrounder,Right-hand bat,1,1,5,5,37,26,265,42,15.58,5,17,7,32,17,10.66,62,27,118,17,7.86,NA,"South Africa v Sri Lanka at Kimberley, Jan 20, 2012 scorecard","Sinhalese Sports Club v Ragama Cricket Club at Colombo (CCC), Mar 1, 2007 scorecard",http://www.espncricinfo.com/inline/content/image/638735.html?alt=1,"Sri Lanka v Pakistan at Hambantota, Jun 1, 2012 scorecard"
Sri Lanka,JK Silva,Jayan Kaushal Silva,"May 27, 1986, Colombo",28 years 186 days,Wicketkeeper batsman,Right-hand bat,14,26,954,36.69,147,230,9794,193,48.48,139,124,104,3196,126,39.45,NA,NA,NA,NA,NA,"Pakistan v Sri Lanka at Dubai (DSC), Oct 26-29, 2011 scorecard",NA,"Colombo Cricket Club v Sinhalese Sports Club at Colombo (Bloomfield), Oct 16, 2005 scorecard",http://www.espncricinfo.com/inline/content/image/751953.html?alt=1,NA
Sri Lanka,KC Sangakkara,Kumar Chokshanada Sangakkara,"October 27, 1977, Matale",37 years 33 days,Wicketkeeper batsman,Left-hand bat,128,221,11988,58.76,385,362,12987,169,40.08,319,56,53,1382,78,31.4,155,149,3882,94,29.18,"Sri Lanka v South Africa at Galle, Jul 20-23, 2000 scorecard","Sri Lanka v Pakistan at Galle, Jul 5, 2000 scorecard","Nondescripts Cricket Club v Tamil Union Cricket and Athletic Club at Colombo (Moors), Aug 17, 2004 scorecard",http://www.espncricinfo.com/inline/content/image/800429.html?alt=3,"England v Sri Lanka at Southampton, Jun 15, 2006 scorecard"
Sri Lanka,KMDN Kulasekara,Kulasekara Mudiyanselage Dinesh Nuwan Kulasekara,"July 22, 1982, Nittambuwa",32 years 130 days,Bowler,Right-hand bat,21,28,391,14.48,159,106,1127,73,15.22,64,41,20,148,31,10.57,74,42,324,31,11.57,"New Zealand v Sri Lanka at Napier, Apr 4-8, 2005 scorecard","Sri Lanka v England at Dambulla, Nov 18, 2003 scorecard","Colts Cricket Club v Sri Lanka Air Force Sports Club at Colombo (Moors), Aug 17, 2004 scorecard",http://www.espncricinfo.com/inline/content/image/800407.html?alt=3,"Pakistan v Sri Lanka at King City (NW), Oct 11, 2008 scorecard"
Sri Lanka,MDKJ Perera,Mathurage Don Kusal Janith Perera,"August 17, 1990, Kalubowila",24 years 104 days,Wicketkeeper batsman,Left-hand bat,38,36,808,24.48,18,18,521,84,28.94,106,38,59,2689,336,47.17,NA,NA,NA,NA,NA,NA,"Australia v Sri Lanka at Adelaide, Jan 13, 2013 scorecard","Basnahira South v Schools Invitation XI at Colombo (Burgher), Apr 17, 2008 scorecard",http://www.espncricinfo.com/inline/content/image/600763.html?alt=1,"Australia v Sri Lanka at Sydney, Jan 26, 2013 scorecard"
Sri Lanka,KDK Vithanage,Kasun Disi Kithuruwan Vithanage,"February 26, 1991, Colombo",23 years 276 days,Left-hand bat,Legbreak,6,8,245,40.83,6,6,75,27,15,NA,1,1,38,38,38,30,24,513,NA,27,"Sri Lanka v Bangladesh at Galle, Mar 8-12, 2013 scorecard","Pakistan v Sri Lanka at Abu Dhabi, Dec 25, 2013 scorecard","Ruhuna v Sri Lanka Cricket Combined XI at Kandy, Feb 24, 2010 scorecard",http://www.espncricinfo.com/inline/content/image/766375.html,NA
Sri Lanka,WU Tharanga,Warushavithana Upul Tharanga,"February 2, 1985, Balapitiya",29 years 300 days,Batsman,Left-hand bat,19,34,1019,30.87,176,168,5339,174*,33.57,165,10,10,131,37,13.1,52,52,1349,NA,27.53,"India v Sri Lanka at Ahmedabad, Dec 18-22, 2005 scorecard","Sri Lanka v West Indies at Dambulla, Aug 2, 2005 scorecard","England v Sri Lanka at Southampton, Jun 15, 2006 scorecard",http://www.espncricinfo.com/inline/content/image/800419.html?alt=3,"England v Sri Lanka at Southampton, Jun 15, 2006 scorecard"
Sri Lanka,S Prasanna,Seekkuge Prasanna,"June 27, 1985, Balapitiya",29 years 155 days,Allrounder,Right-hand bat,1,1,5,5,19,16,160,42,11.42,5,3,3,31,21,15.5,39,26,262,NA,13.78,NA,"Sri Lanka v Australia at Colombo (RPS), Aug 20, 2011 scorecard","Kandurata v Schools Invitation XI at Colombo (Police), Mar 28, 2009 scorecard",http://www.espncricinfo.com/inline/content/image/728833.html,"Pakistan v Sri Lanka at Dubai (DSC), Dec 13, 2013 scorecard"
Sri Lanka,SL Malinga,Separamadu Lasith Malinga,"August 28, 1983, Galle",31 years 93 days,Separamadu Lasith Malinga Swarnajith,Bowler,30,37,275,11.45,177,87,442,56,7.24,64,57,17,69,27,6.9,201,64,279,NA,6.8,"Australia v Sri Lanka at Darwin, Jul 1-3, 2004 scorecard","Sri Lanka v United Arab Emirates at Dambulla, Jul 17, 2004 scorecard","Nondescripts Cricket Club v Tamil Union Cricket and Athletic Club at Colombo (Moors), Aug 17, 2004 scorecard",http://www.espncricinfo.com/inline/content/image/800411.html?alt=3,"England v Sri Lanka at Southampton, Jun 15, 2006 scorecard"
Sri Lanka,S Randiv,Hewa Kaluhalamullage Suraj Randiv Kaluhalamulla,"January 30, 1985, Matara",29 years 303 days,Suraj Mohamed,Bowler,12,17,147,9.18,30,17,254,56,15.87,39,7,2,8,6,4,40,15,111,NA,11.1,"Sri Lanka v India at Colombo (SSC), Jul 26-30, 2010 scorecard","India v Sri Lanka at Nagpur, Dec 18, 2009 scorecard","Sinhalese Sports Club v Badureliya Sports Club at Colombo (CCC), Oct 29, 2005 scorecard",http://www.espncricinfo.com/inline/content/image/509334.html?alt=1,"Sri Lanka v Zimbabwe at Providence, May 3, 2010 scorecard"
Sri Lanka,KTGD Prasad,Kariyawasam Tirana Gamage Dhammika Prasad,"May 30, 1983, Ragama",31 years 183 days,Right-hand bat,Right-arm fast-medium,15,21,338,16.9,19,9,100,31*,25,47,1,-,-,-,-,14,11,48,NA,8,"Sri Lanka v India at Colombo (PSS), Aug 8-11, 2008 scorecard","Bangladesh v Sri Lanka at Chittagong, Feb 25, 2006 scorecard","Sinhalese Sports Club v Nondescripts Cricket Club at Colombo (CCC), Feb 28, 2007 scorecard",http://www.espncricinfo.com/inline/content/image/787547.html,NA
Sri Lanka,NLTC Perera,Narangoda Liyanaarachchilage Thisara Chirantha Perera,"April 3, 1989, Colombo",25 years 240 days,Allrounder,Left-hand bat,6,10,203,20.3,86,64,941,80*,18.09,75,38,31,466,49,33.28,120,97,1302,72,21.34,"England v Sri Lanka at Cardiff, May 26-30, 2011 scorecard","India v Sri Lanka at Kolkata, Dec 24, 2009 scorecard","Basnahira North v Wayamba at Colombo (Colts), Apr 17, 2008 scorecard",http://www.espncricinfo.com/inline/content/image/800399.html?alt=3,"Sri Lanka v Zimbabwe at Providence, May 3, 2010 scorecard"
West Indies,KAJ Roach,Kemar Andre Jamal Roach,"June 30, 1988, St. Lucy, Barbados",26 years 152 days,Right-hand bat,Right-arm fast,28,44,329,9.13,64,41,216,34,13.5,41,11,1,3,NA,-,37,9,45,12,7.5,"West Indies v Bangladesh at Kingstown, Jul 9-13, 2009 scorecard","Bermuda v West Indies at King City (NW), Aug 20, 2008 scorecard","West Indies v Australia at Bridgetown, Jun 20, 2008 scorecard",http://www.espncricinfo.com/inline/content/image/800491.html?alt=3,"West Indies v Australia at Bridgetown, Jun 20, 2008 scorecard"
West Indies,K Santokie,Krishmar Santokie,"December 20, 1984, Clarendon, Jamaica",29 years 344 days,Left-hand bat,Left-arm medium,12,1,0,-,14,4,18,8*,6,NA,67,16,75,22,7.5,NA,NA,NA,NA,NA,NA,NA,"Jamaica v Ireland at Florence Hall, Apr 10, 2010 scorecard",http://www.espncricinfo.com/inline/content/image/728897.html,"England v West Indies at The Oval, Sep 25, 2011 scorecard"
West Indies,J Charles,Johnson Charles,"January 14, 1989, St Lucia",25 years 319 days,Wicketkeeper,Right-hand bat,30,30,869,28.96,21,20,429,84,21.45,130,24,47,750,66,17.44,NA,NA,NA,NA,NA,NA,"West Indies v Australia at Kingstown, Mar 16, 2012 scorecard","Cayman Islands v St Lucia at Coolidge, Jan 26, 2008 scorecard",http://www.espncricinfo.com/inline/content/image/562228.html?alt=1,"England v West Indies at The Oval, Sep 23, 2011 scorecard"
West Indies,DM Bravo,Darren Michael Bravo,"February 6, 1989, Trinidad",25 years 296 days,Left-hand bat,Right-arm medium-fast,32,57,2311,43.6,79,76,2171,124,32.4,218,12,11,235,42,21.36,73,67,1680,NA,33.6,"Sri Lanka v West Indies at Galle, Nov 15-19, 2010 scorecard","West Indies v India at Kingston, Jun 26, 2009 scorecard","Middlesex v Trinidad & Tobago at Coolidge, Oct 27, 2008 scorecard",http://www.espncricinfo.com/inline/content/image/800483.html?alt=3,"West Indies v Zimbabwe at Port of Spain, Feb 28, 2010 scorecard"
West Indies,DR Smith,Dwayne Romel Smith,"April 12, 1983, Storey Gap, Codrington Hill, St Michael, Barbados",31 years 231 days,Right-hand bat,Right-arm medium,10,14,320,24.61,94,78,1338,97,18.32,NA,30,29,540,72,18.62,209,202,4775,NA,26.23,"South Africa v West Indies at Cape Town, Jan 2-6, 2004 scorecard","South Africa v West Indies at Cape Town, Jan 25, 2004 scorecard","New Zealand v West Indies at Auckland, Feb 16, 2006 scorecard",http://www.espncricinfo.com/inline/content/image/728891.html,"New Zealand v West Indies at Auckland, Feb 16, 2006 scorecard"
West Indies,ST Gabriel,Shannon Terry Gabriel,"April 28, 1988, Trinidad",26 years 215 days,Right-hand bat,Right-arm fast-medium,9,11,18,2.25,2,-,-,-,-,13,52,68,169,14,4.22,NA,NA,NA,NA,NA,"England v West Indies at Lord's, May 17-21, 2012 scorecard",NA,"West Indies A v Zimbabwe at St George's, Apr 22, 2010 scorecard",http://www.espncricinfo.com/inline/content/image/563011.html?alt=1,"West Indies v Zimbabwe at North Sound, Mar 3, 2013 scorecard"
West Indies,SP Narine,Sunil Philip Narine,"May 26, 1988, Trinidad",26 years 187 days,Left-hand bat,Right-arm offbreak,6,7,40,8,52,35,282,36,10.84,NA,32,12,63,28,12.6,144,45,242,28,10.08,"England v West Indies at Birmingham, Jun 7-11, 2012 scorecard","India v West Indies at Ahmedabad, Dec 5, 2011 scorecard","Hampshire v Trinidad & Tobago at Bridgetown, Jan 19, 2011 scorecard",http://www.espncricinfo.com/inline/content/image/800489.html?alt=3,"West Indies v Australia at Gros Islet, Mar 27, 2012 scorecard"
West Indies,ADS Fletcher,Andre David Stephon Fletcher,"November 28, 1987, La Tante, Grenada",27 years 1 days,Wicketkeeper,Right-hand bat,15,15,256,17.06,21,21,345,62,18.15,54,56,102,2772,123,28.87,NA,NA,NA,NA,NA,NA,"West Indies v Australia at Kingstown, Jun 24, 2008 scorecard","Dominica v Grenada at Coolidge, Jul 14, 2006 scorecard",http://www.espncricinfo.com/inline/content/image/512308.html?alt=1,"West Indies v Australia at Bridgetown, Jun 20, 2008 scorecard"
West Indies,JE Taylor,Jerome Everton Taylor,"June 22, 1984, St Elizabeth, Jamaica",30 years 160 days,Bowler,Right-hand bat,34,53,721,15.34,69,32,215,43*,8.6,106,17,9,47,NA,11.75,48,20,102,17,8.5,"West Indies v Sri Lanka at Gros Islet, Jun 20-24, 2003 scorecard","West Indies v Sri Lanka at Kingstown, Jun 11, 2003 scorecard","New Zealand v West Indies at Auckland, Feb 16, 2006 scorecard",http://www.espncricinfo.com/inline/content/image/457489.html?alt=1,"New Zealand v West Indies at Auckland, Feb 16, 2006 scorecard"
West Indies,MN Samuels,Marlon Nathaniel Samuels,"February 5, 1981, Kingston, Jamaica",33 years 297 days,Batsman,Right-hand bat,52,92,2983,34.68,162,152,4205,126*,32.85,260,35,33,834,NA,29.78,102,100,2432,NA,30.4,"Australia v West Indies at Adelaide, Dec 15-19, 2000 scorecard","Sri Lanka v West Indies at Nairobi (Gym), Oct 4, 2000 scorecard","Bermuda v Jamaica at Coolidge, Jul 21, 2006 scorecard",http://www.espncricinfo.com/inline/content/image/513161.html?alt=1,"England v West Indies at The Oval, Jun 28, 2007 scorecard"
West Indies,AD Russell,Andre Dwayne Russell,"April 29, 1988, Jamaica",26 years 214 days,Right-hand bat,Right-arm fast,1,1,2,2,38,31,717,92*,28.68,2,30,22,162,NA,11.57,122,96,1580,NA,23.58,NA,"Ireland v West Indies at Mohali, Mar 11, 2011 scorecard","Jamaica v Ireland at Florence Hall, Apr 10, 2010 scorecard",http://www.espncricinfo.com/inline/content/image/800485.html?alt=3,"West Indies v Pakistan at Gros Islet, Apr 21, 2011 scorecard"
West Indies,DJ Bravo,Dwayne John Bravo,"October 7, 1983, Santa Cruz, Trinidad",31 years 53 days,Johnny,Allrounder,40,71,2200,31.42,164,141,2968,112*,25.36,113,50,45,906,NA,26.64,221,182,3676,NA,27.43,"England v West Indies at Lord's, Jul 22-26, 2004 scorecard","West Indies v England at Georgetown, Apr 18, 2004 scorecard","New Zealand v West Indies at Auckland, Feb 16, 2006 scorecard",http://www.espncricinfo.com/inline/content/image/800689.html?alt=3,"New Zealand v West Indies at Auckland, Feb 16, 2006 scorecard"
West Indies,S Badree,Samuel Badree,"March 9, 1981, Barrackpore, Trinidad",33 years 265 days,Bowler,Right-hand bat,22,5,24,12,12,19,323,55,17.94,NA,33,23,177,29,9.83,NA,NA,NA,NA,NA,NA,NA,"Cayman Islands v Trinidad & Tobago at Coolidge, Jul 25, 2006 scorecard",http://www.espncricinfo.com/inline/content/image/800513.html?alt=3,"New Zealand v West Indies at Lauderhill, Jun 30, 2012 scorecard"
West Indies,SS Cottrell,Sheldon Shane Cottrell,19-Aug-89,25 years 102 days,Right-hand bat,Left-arm fast-medium,1,2,5,2.5,3,-,-,-,-,5,28,40,337,NA,16.04,NA,NA,NA,NA,NA,NA,NA,"Jamaica v Windward Islands at Bridgetown, Jan 23, 2011 scorecard",http://www.espncricinfo.com/inline/content/image/728899.html,"West Indies v England at Bridgetown, Mar 13, 2014 scorecard"
West Indies,LR Johnson,Leon Rayon Johnson,"August 8, 1987, Georgetown, Demerara",27 years 113 days,Left-hand bat,Legbreak,1,2,107,53.5,3,3,79,51,26.33,66,53,92,2936,144,33.36,NA,NA,NA,NA,NA,NA,"Bermuda v West Indies at King City (NW), Aug 20, 2008 scorecard","Guyana v Leeward Islands at North Sound, Jan 9, 2012 scorecard",http://www.espncricinfo.com/inline/content/image/601552.html?alt=1,NA
West Indies,SJ Benn,Sulieman Jamaal Benn,"July 22, 1981, Haynesville, St James, Barbados",33 years 130 days,Allrounder,Left-hand bat,22,33,463,15.43,28,18,110,31,7.85,42,17,7,37,NA,12.33,71,27,167,21,9.27,"West Indies v Sri Lanka at Providence, Mar 22-26, 2008 scorecard","West Indies v Sri Lanka at Port of Spain, Apr 10, 2008 scorecard","Anguilla v Barbados at Coolidge, Jul 18, 2006 scorecard",http://www.espncricinfo.com/inline/content/image/800701.html?alt=3,"West Indies v Australia at Bridgetown, Jun 20, 2008 scorecard"
West Indies,KA Edwards,Kirk Anton Edwards,"November 3, 1984, Barbados",30 years 26 days,Right-hand bat,Right-arm offbreak,17,32,986,31.8,16,16,331,123*,23.64,121,69,117,4191,190,37.75,NA,NA,NA,NA,NA,"West Indies v India at Roseau, Jul 6-10, 2011 scorecard","India v West Indies at Chennai, Mar 20, 2011 scorecard","West Indies A v Zimbabwe at St George's, Apr 22, 2010 scorecard",http://www.espncricinfo.com/inline/content/image/502563.html?alt=1,NA
West Indies,KC Brathwaite,Kraigg Clairmonte Brathwaite,"December 1, 1992, Black Rock, St Michael, Barbados",21 years 363 days,BoBo,Opening batsman,14,27,956,38.24,66,113,4464,212,43.33,212,16,16,402,63,30.92,NA,NA,NA,NA,NA,"West Indies v Pakistan at Basseterre, May 20-24, 2011 scorecard",NA,NA,http://www.espncricinfo.com/inline/content/image/515866.html?alt=1,NA
West Indies,DJG Sammy,Darren Julius Garvey Sammy,"December 20, 1983, Micoud, St Lucia",30 years 344 days,Allrounder,Right-hand bat,38,63,1323,21.68,115,96,1587,84,23.68,106,55,42,483,NA,16.65,142,119,1647,60,19.37,"England v West Indies at Manchester, Jun 7-11, 2007 scorecard","New Zealand v West Indies at Southampton, Jul 8, 2004 scorecard","British Virgin Islands v St Lucia at Coolidge, Jul 12, 2006 scorecard",http://www.espncricinfo.com/inline/content/image/800693.html?alt=3,"England v West Indies at The Oval, Jun 28, 2007 scorecard"
West Indies,CH Gayle,Christopher Henry Gayle,"September 21, 1979, Kingston, Jamaica",35 years 69 days,Allrounder,Left-hand bat,103,182,7214,42.18,258,253,8810,153*,37.33,333,43,41,1239,117,32.6,191,187,6787,NA,41.89,"West Indies v Zimbabwe at Port of Spain, Mar 16-20, 2000 scorecard","India v West Indies at Toronto, Sep 11, 1999 scorecard","Chilaw Marians Cricket Club v PCA Masters XI at Leicester, Sep 15, 2005 scorecard",http://www.espncricinfo.com/inline/content/image/800705.html?alt=3,"New Zealand v West Indies at Auckland, Feb 16, 2006 scorecard"
West Indies,D Ramdin,Denesh Ramdin,"March 13, 1985, Couva, Trinidad",29 years 261 days,Shotter,Wicketkeeper,61,102,2419,27.17,115,87,1671,169,24.94,166,49,31,342,NA,15.54,128,87,1363,84,20.65,"Sri Lanka v West Indies at Colombo (SSC), Jul 13-16, 2005 scorecard","India v West Indies at Dambulla, Jul 31, 2005 scorecard","New Zealand v West Indies at Auckland, Feb 16, 2006 scorecard",http://www.espncricinfo.com/inline/content/image/800493.html?alt=3,"New Zealand v West Indies at Auckland, Feb 16, 2006 scorecard"
Zimbabwe,LM Jongwe,Luke Mafuwa Jongwe,"February 6, 1995, Harare",19 years 296 days,Right-hand bat,Right-arm medium,3,3,27,9,12,19,359,132*,19.94,19,14,13,288,56,24,NA,NA,NA,NA,NA,NA,"Zimbabwe v South Africa at Bulawayo, Aug 17, 2014 scorecard",NA,http://www.espncricinfo.com/inline/content/image/721651.html?alt=1,NA
Zimbabwe,P Utseya,Prosper Utseya,"March 26, 1985, Harare",29 years 248 days,Bowler,Right-hand bat,4,8,107,15.28,160,129,1385,68*,16.89,45,29,17,66,NA,6,78,51,339,NA,11.3,"Zimbabwe v Sri Lanka at Harare, May 6-8, 2004 scorecard","Zimbabwe v Sri Lanka at Bulawayo, Apr 20, 2004 scorecard","Bangladesh v Zimbabwe at Khulna, Nov 28, 2006 scorecard",http://www.espncricinfo.com/inline/content/image/800553.html?alt=3,"Bangladesh v Zimbabwe at Khulna, Nov 28, 2006 scorecard"
Zimbabwe,TL Chatara,Tendai Larry Chatara,"February 28, 1991, Chimanimani",23 years 274 days,Right-hand bat,Right-arm fast-medium,7,14,82,6.83,20,12,76,23,19,22,7,-,-,-,-,24,4,4,2,4,"West Indies v Zimbabwe at Bridgetown, Mar 12-14, 2013 scorecard","West Indies v Zimbabwe at St George's, Feb 24, 2013 scorecard","Mountaineers v Mid West Rhinos at Harare, Feb 12, 2010 scorecard",http://www.espncricinfo.com/inline/content/image/800745.html?alt=3,"Zimbabwe v India at Harare, Jun 13, 2010 scorecard"
Zimbabwe,BV Vitori,Brian Vitalis Vitori,"February 22, 1990, Masvingo",24 years 280 days,Left-hand bat,Left-arm fast-medium,4,7,52,10.4,15,9,55,20*,7.85,NA,6,2,8,NA,-,16,4,12,NA,6,"Zimbabwe v Bangladesh at Harare, Aug 4-8, 2011 scorecard","Zimbabwe v Bangladesh at Harare, Aug 12, 2011 scorecard","Southerns v Westerns at Harare, Mar 19, 2008 scorecard",http://www.espncricinfo.com/inline/content/image/800729.html?alt=3,"Sri Lanka v Zimbabwe at Hambantota, Sep 18, 2012 scorecard"
Zimbabwe,T Kamungozi,Tafadzwa Kamungozi,"June 8, 1987, Harare",27 years 174 days,Faffie,Allrounder,1,2,5,2.5,10,8,19,12*,4.75,5,1,-,-,-,-,26,11,34,13,3.77,NA,"South Africa v Zimbabwe at Potchefstroom, Sep 20, 2006 scorecard","Eagles v Zimbabweans at Kimberley, Sep 13, 2006 scorecard",http://www.espncricinfo.com/inline/content/image/727103.html?alt=1,NA
Zimbabwe,CR Ervine,Craig Richard Ervine,"August 19, 1985, Harare",29 years 102 days,Middle-order batsman,Left-hand bat,7,14,286,23.83,25,23,702,85,35.1,49,7,6,127,37,21.16,34,28,558,71,25.36,"Zimbabwe v Bangladesh at Harare, Aug 4-8, 2011 scorecard","Zimbabwe v India at Bulawayo, May 28, 2010 scorecard","Southern Rocks v Desert Vipers at Harare, Feb 13, 2010 scorecard",http://www.espncricinfo.com/inline/content/image/800629.html?alt=3,"Sri Lanka v Zimbabwe at Providence, May 3, 2010 scorecard"
Zimbabwe,MN Waller,Malcolm Noel Waller,"September 28, 1984, Harare",30 years 62 days,Right-hand bat,Right-arm offbreak,9,18,396,23.29,45,41,818,99*,21.52,NA,11,10,159,49,19.87,47,40,733,73,22.21,"Zimbabwe v New Zealand at Bulawayo, Nov 1-5, 2011 scorecard","Bangladesh v Zimbabwe at Dhaka, Jan 19, 2009 scorecard","Centrals v Easterns (Zimbabwe) at Harare, Mar 19, 2008 scorecard",http://www.espncricinfo.com/inline/content/image/800727.html?alt=3,"Zimbabwe v New Zealand at Harare, Oct 15, 2011 scorecard"
Zimbabwe,RW Chakabva,Regis Wiriranai Chakabva,"September 20, 1987, Harare",27 years 70 days,Wicketkeeper batsman,Right-hand bat,8,16,495,33,24,22,340,45,16.19,101,2,2,1,1,0.5,40,32,409,NA,14.6,"Zimbabwe v New Zealand at Bulawayo, Nov 1-5, 2011 scorecard","Kenya v Zimbabwe at Nairobi (Gym), Oct 19, 2008 scorecard","Northerns (Zimbabwe) v Southerns at Harare, Mar 19, 2008 scorecard",http://www.espncricinfo.com/inline/content/image/501714.html?alt=1,"Pakistan v Zimbabwe at King City (NW), Oct 12, 2008 scorecard"
Zimbabwe,E Chigumbura,Elton Chigumbura,"March 14, 1986, Kwekwe, Midlands",28 years 260 days,Allrounder,Right-hand bat,14,27,569,21.07,168,155,3387,90,24.9,88,27,26,464,NA,22.09,104,101,1881,NA,25.76,"Zimbabwe v Sri Lanka at Harare, May 6-8, 2004 scorecard","Zimbabwe v Sri Lanka at Bulawayo, Apr 20, 2004 scorecard","Eagles v Zimbabweans at Kimberley, Sep 13, 2006 scorecard",http://www.espncricinfo.com/inline/content/image/800537.html?alt=3,"Bangladesh v Zimbabwe at Khulna, Nov 28, 2006 scorecard"
Zimbabwe,V Sibanda,Vusimuzi Sibanda,"October 10, 1983, Highfields, Harare",31 years 50 days,Right-hand bat,Right-arm medium,14,28,591,21.1,118,117,2775,116,24.34,93,16,16,230,32,15.33,42,42,805,NA,20.64,"Zimbabwe v West Indies at Harare, Nov 4-8, 2003 scorecard","Zimbabwe v West Indies at Bulawayo, Nov 22, 2003 scorecard","Eagles v Zimbabweans at Kimberley, Sep 13, 2006 scorecard",http://www.espncricinfo.com/inline/content/image/800535.html?alt=3,"Australia v Zimbabwe at Cape Town, Sep 12, 2007 scorecard"
Zimbabwe,H Masakadza,Hamilton Masakadza,"August 9, 1983, Harare",31 years 112 days,Right-hand bat,Right-arm medium,29,58,1712,30.57,143,143,3909,178*,28.12,158,31,31,833,79,27.76,86,85,2633,103,35.58,"Zimbabwe v West Indies at Harare, Jul 27-31, 2001 scorecard","Zimbabwe v South Africa at Bulawayo, Sep 23, 2001 scorecard","Eagles v Zimbabweans at Kimberley, Sep 13, 2006 scorecard",http://www.espncricinfo.com/inline/content/image/800519.html?alt=3,"Bangladesh v Zimbabwe at Khulna, Nov 28, 2006 scorecard"
Zimbabwe,DT Tiripano,Donald Tatenda Tiripano,"March 17, 1988, Mutare",26 years 257 days,Right-hand bat,Right-arm fast-medium,1,2,20,20,4,2,4,3,2,NA,41,56,709,NA,16.11,NA,NA,NA,NA,NA,NA,"Zimbabwe v Afghanistan at Bulawayo, Jul 18, 2014 scorecard","Easterns (Zimbabwe) v Westerns at Bulawayo, May 13, 2009 scorecard",http://www.espncricinfo.com/inline/content/image/445345.html?alt=1,NA
Zimbabwe,R Mutumbami,Richmond Mutumbami,"June 11, 1989, Masvingo",25 years 171 days,Right-hand bat,Right-arm offbreak,6,12,217,19.72,5,5,100,64,20,43,56,98,2734,150,29.39,NA,NA,NA,NA,NA,"Zimbabwe v Bangladesh at Harare, Apr 17-20, 2013 scorecard","Zimbabwe v Afghanistan at Bulawayo, Jul 24, 2014 scorecard","Northerns (Zimbabwe) v Southerns at Harare, Mar 19, 2008 scorecard",http://www.espncricinfo.com/inline/content/image/632837.html?alt=1,NA
Zimbabwe,BB Chari,Brian Bara Chari,14-Feb-92,22 years 288 days,Right-hand bat,Right-arm offbreak,2,4,29,7.25,26,49,1015,116,21.14,25,26,26,617,NA,26.82,NA,NA,NA,NA,NA,"Bangladesh v Zimbabwe at Khulna, Nov 3-7, 2014 scorecard",NA,"Matabeleland Tuskers v Mountaineers at Bulawayo, Oct 7, 2012 scorecard",http://www.espncricinfo.com/inline/content/image/495170.html?alt=1,NA
Zimbabwe,MT Chinouya,Michael Tawanda Chinouya,"June 9, 1986, Kwekwe",28 years 173 days,Right-hand bat,Right-arm fast-medium,2,2,6,6,55,74,193,23,4.48,NA,55,28,68,13,4.53,NA,NA,NA,NA,NA,NA,"Zimbabwe v India at Harare, Jul 28, 2013 scorecard","Centrals v Easterns (Zimbabwe) at Harare, Mar 19, 2008 scorecard",http://www.espncricinfo.com/inline/content/image/550850.html?alt=1,NA
Zimbabwe,T Panyangara,Tinashe Panyangara,"October 21, 1985, Marondera",29 years 39 days,Allrounder,Right-hand bat,9,18,201,16.75,37,30,129,16*,5.86,NA,6,1,1,NA,-,15,5,15,10,7.5,"Zimbabwe v Sri Lanka at Harare, May 6-8, 2004 scorecard","Zimbabwe v Sri Lanka at Bulawayo, Apr 20, 2004 scorecard","Mid West Rhinos v Mountaineers at Harare, Nov 13, 2010 scorecard",http://www.espncricinfo.com/inline/content/image/800713.html?alt=3,"Zimbabwe v Bangladesh at Bulawayo, May 11, 2013 scorecard"
Zimbabwe,N Madziva,Neville Madziva,"August 2, 1991, Kadoma",23 years 119 days,Right-hand bat,Right-arm medium,5,5,44,11,24,35,743,70*,30.95,25,22,14,146,NA,14.6,NA,NA,NA,NA,NA,NA,"Zimbabwe v South Africa at Bulawayo, Aug 17, 2014 scorecard","Mid West Rhinos v Kenya at Kwekwe, Nov 21, 2011 scorecard",http://www.espncricinfo.com/inline/content/image/603475.html?alt=1,NA
Zimbabwe,SW Masakadza,Shingirai Winston Masakadza,"September 4, 1986, Harare",28 years 86 days,Bowler,Right-hand bat,5,9,88,11,16,11,170,45*,21.25,24,7,5,18,9,4.5,41,29,224,NA,9.73,"New Zealand v Zimbabwe at Napier, Jan 26-28, 2012 scorecard","West Indies v Zimbabwe at Providence, Mar 4, 2010 scorecard","Northerns (Zimbabwe) v Easterns (Zimbabwe) at Harare, Mar 20, 2008 scorecard",http://www.espncricinfo.com/inline/content/image/501696.html?alt=1,"West Indies v Zimbabwe at Port of Spain, Feb 28, 2010 scorecard"
Zimbabwe,PJ Moor,Peter Joseph Moor,"February 2, 1991, Harare",23 years 300 days,Right-hand bat,Right-arm offbreak,2,2,15,7.5,22,39,991,85*,26.07,13,19,14,243,NA,20.25,NA,NA,NA,NA,NA,NA,"Bangladesh v Zimbabwe at Dhaka, Nov 26, 2014 scorecard","Mashonaland Eagles v Kenya at Harare, Nov 18, 2011 scorecard",http://www.espncricinfo.com/inline/content/image/443849.html?alt=1,NA
Zimbabwe,T Maruma,Timycen Maruma,"April 19, 1988, Harare",26 years 224 days,Right-hand bat,Legbreak googly,1,2,20,10,15,14,139,32,9.92,10,9,9,63,NA,10.5,49,40,431,72,11.97,NA,"Zimbabwe v South Africa at Bulawayo, Aug 22, 2007 scorecard","Eagles v Zimbabweans at Kimberley, Sep 13, 2006 scorecard",http://www.espncricinfo.com/inline/content/image/800731.html?alt=3,"Sri Lanka v Zimbabwe at King City (NW), Oct 10, 2008 scorecard"
Zimbabwe,CT Mutombodzi,Confidence Tinotenda Mutombodzi,"December 21, 1990, Harare",23 years 343 days,Right-hand bat,"Legbreak, Legbreak googly",3,3,25,8.33,3,3,15,12*,7.5,13,42,65,1208,100,20.13,NA,NA,NA,NA,NA,NA,"West Indies v Zimbabwe at St George's, Feb 26, 2013 scorecard","Centrals v Northerns (Zimbabwe) at Bulawayo, May 13, 2009 scorecard",http://www.espncricinfo.com/inline/content/image/443843.html?alt=1,"West Indies v Zimbabwe at North Sound, Mar 2, 2013 scorecard"
Zimbabwe,SC Williams,Sean Colin Williams,"September 26, 1986, Bulawayo",28 years 64 days,Top-order batsman,Left-hand bat,2,4,64,16,69,68,1782,78*,31.26,31,8,8,136,38,17,23,23,328,NA,19.29,"West Indies v Zimbabwe at Roseau, Mar 20-22, 2013 scorecard","South Africa v Zimbabwe at Johannesburg, Feb 25, 2005 scorecard","Bangladesh v Zimbabwe at Khulna, Nov 28, 2006 scorecard",http://www.espncricinfo.com/inline/content/image/800631.html?alt=3,"Bangladesh v Zimbabwe at Khulna, Nov 28, 2006 scorecard"